bob,smith,bob@gmail.com
paul,walker,paul@live.com
bettie,laura,bettie@yahoo.com
sara,james,sara@gmail.com
mandy,white,mandy@live.com
dany,hesnford,hensford@live.com
john,smith,johny@yahoo.com
maya,white,mrswhite@gmail.com
dr,jamil,drjamil@yahoo.com
tony,ham,tony@live.com
